mfcc_1_mean,mfcc_2_mean,mfcc_3_mean,mfcc_4_mean,mfcc_5_mean,mfcc_6_mean,mfcc_7_mean,mfcc_8_mean,mfcc_9_mean,mfcc_10_mean,mfcc_11_mean,mfcc_12_mean,mfcc_13_mean
-120.38481,87.95724,-13.915459,12.613731,22.07554,4.7747664,2.140625,4.0203614,5.0882144,-1.7331156,-1.3266494,-0.23948728,-4.601971
