mfcc_1_mean,mfcc_2_mean,mfcc_3_mean,mfcc_4_mean,mfcc_5_mean,mfcc_6_mean,mfcc_7_mean,mfcc_8_mean,mfcc_9_mean,mfcc_10_mean,mfcc_11_mean,mfcc_12_mean,mfcc_13_mean
-412.6523,172.86469,36.008736,13.980166,25.617085,18.088984,8.260927,10.598883,6.0521746,3.3797553,3.9586437,1.4685993,-6.1197214
